{"cameraMode":{"drawMode":0,"name":"Shaded","section":"Shading Mode"},"sceneLighting":true,"audioPlay":false,"sceneViewState":{"m_AlwaysRefresh":false,"showFog":true,"showSkybox":true,"showFlares":true,"showImageEffects":true,"showParticleSystems":true,"showVisualEffectGraphs":true,"m_FxEnabled":true},"in2DMode":false,"pivot":{"x":5.368113040924072,"y":9.849845886230469,"z":3.958922863006592},"rotation":{"x":-0.007499936502426863,"y":0.002092124428600073,"z":-0.000015592495401506312,"w":-0.9999708533287048},"size":9.669681549072266,"orthographic":true}